login_attempts,request_rate,ip_changed,device_changed,transaction_amount,session_duration,hour_of_day,day_of_week,is_anomaly
2,7.64,0,0,339.39,13.08,17,3,0
1,5.95,0,0,1645.81,16.81,7,2,0
1,3.59,0,0,140.41,10.8,19,1,0
1,5.25,0,0,172.71,12.64,12,5,0
1,1.0,0,0,104.24,11.25,19,6,0
1,4.24,0,0,663.88,5.41,14,4,0
2,3.34,0,0,11.65,9.95,15,3,0
1,6.78,0,0,183.07,16.7,14,0,0
1,6.22,0,0,161.15,14.81,8,1,0
1,2.09,0,0,5000.0,14.7,14,1,0
1,4.69,0,0,1154.13,7.3,15,6,0
1,6.33,0,0,63.97,12.04,15,6,0
1,4.79,0,0,3504.87,7.82,13,4,0
1,9.27,0,0,192.88,21.64,15,0,0
1,4.47,0,0,1842.64,14.21,13,2,0
1,5.04,0,0,50.18,13.9,16,3,0
1,4.03,0,0,1128.07,24.24,20,2,0
1,6.03,0,0,1736.27,17.41,11,3,0
1,3.78,0,0,358.31,12.1,18,1,0
1,4.35,0,0,296.25,7.8,11,4,0
1,6.2,0,0,420.85,14.95,15,4,0
1,3.64,0,0,504.68,14.43,9,0,0
3,25.48,1,0,0.58,171.31,10,1,1
1,3.6,0,0,1014.77,17.55,9,4,0
1,6.95,0,0,27.99,22.48,12,5,0
1,6.77,1,0,101.62,9.45,14,2,0
1,6.79,0,0,275.02,18.39,21,2,0
1,3.37,0,0,77.92,14.66,9,5,0
1,3.99,0,0,69.65,19.39,1,2,0
2,6.8,0,0,295.94,15.37,11,4,0
1,5.27,1,0,17.96,14.89,12,4,0
1,5.24,0,0,287.23,16.84,10,4,0
1,5.46,0,0,525.46,15.83,3,2,0
1,5.5,1,0,35.22,16.44,11,0,0
2,5.44,0,0,1514.2,9.95,10,4,0
1,4.78,0,0,228.74,16.46,16,5,0
1,6.93,0,0,456.27,9.54,16,0,0
1,1.82,0,0,3387.33,2.56,19,6,0
1,5.02,0,0,97.19,23.74,12,4,0
1,5.46,0,0,114.61,12.94,11,1,0
1,5.37,0,0,581.43,9.55,10,1,0
2,6.33,0,0,120.22,22.73,9,0,0
1,3.73,0,0,1796.56,14.13,13,3,0
1,2.64,0,0,547.6,14.25,10,3,0
1,2.79,0,0,1304.11,16.18,13,0,0
1,5.2,0,0,331.78,13.25,10,4,0
4,26.22,0,1,0.22,1.86,18,2,1
1,4.92,0,0,3665.63,13.95,19,6,0
1,1.0,0,0,5000.0,20.6,7,2,0
1,8.62,0,0,178.1,24.08,21,0,0
6,44.86,0,1,48396.67,165.22,12,5,1
6,28.27,0,1,0.28,1.38,4,4,1
1,5.97,1,0,1981.86,15.16,7,2,0
2,5.18,0,0,2475.61,5.08,16,1,0
1,4.96,0,0,4379.8,17.87,11,3,0
1,5.36,0,0,5000.0,23.91,20,3,0
1,2.51,0,0,227.89,8.65,20,2,0
1,6.48,0,0,139.94,22.41,6,2,0
6,25.77,0,1,0.97,128.5,22,2,1
1,3.88,0,0,1848.2,21.03,11,0,0
1,3.76,0,0,167.6,5.9,12,2,0
1,3.53,0,0,212.82,20.74,17,6,0
2,4.46,0,0,983.28,12.49,11,2,0
1,1.93,0,0,984.5,19.27,21,0,0
1,6.59,0,0,84.75,24.73,12,1,0
1,6.97,1,0,3557.15,19.8,12,3,0
1,1.67,0,0,146.41,15.17,21,1,0
1,8.51,0,0,853.88,8.0,20,5,0
1,5.12,0,0,2184.57,9.22,12,3,0
4,29.11,1,0,0.81,0.51,4,3,1
2,2.33,0,0,779.91,21.34,9,2,0
1,3.28,0,0,89.72,11.24,12,1,0
2,4.26,0,0,115.55,17.09,13,0,0
2,5.3,0,0,154.4,25.18,17,0,0
1,1.0,0,0,3358.5,20.43,9,2,0
1,2.84,1,0,710.26,13.22,12,3,0
1,2.04,0,0,229.54,5.3,11,2,0
1,8.16,0,0,253.54,13.5,12,4,0
4,15.0,0,0,13941.49,1.18,2,3,1
1,2.53,0,0,43.19,14.47,17,1,0
1,2.65,0,0,109.52,14.95,14,2,0
1,3.77,0,0,293.92,10.06,16,0,0
1,1.72,0,0,807.4,19.66,18,3,0
1,4.07,0,0,127.1,8.52,15,0,0
1,6.37,0,0,756.07,16.1,12,1,0
2,6.7,0,0,1458.42,16.99,8,4,0
1,2.86,0,0,106.21,15.44,10,2,0
1,2.3,0,0,288.64,22.45,12,1,0
5,36.64,1,1,18970.34,1.89,19,6,1
1,7.67,0,0,2377.6,14.46,14,3,0
1,7.31,0,0,2779.14,13.11,17,0,0
2,7.92,0,0,5000.0,19.3,17,3,0
1,3.95,0,0,175.42,24.41,10,6,0
1,5.13,0,0,439.21,17.65,21,2,0
1,4.66,0,0,128.54,20.18,17,1,0
2,9.04,0,0,570.1,12.86,13,0,0
2,5.6,0,0,2923.75,10.63,11,5,0
1,4.16,0,0,73.95,19.45,19,5,0
1,4.62,0,0,1180.39,26.97,3,1,0
1,5.82,0,0,334.47,7.79,11,2,0
1,5.8,0,0,582.95,18.52,14,2,0
1,4.69,0,0,108.92,11.02,10,2,0
1,6.53,0,0,207.94,15.55,12,3,0
2,6.6,0,0,1545.39,11.84,23,0,0
1,6.68,0,0,5000.0,13.09,13,3,0
1,5.9,0,0,929.67,8.32,10,3,0
2,6.18,0,0,572.93,20.18,16,2,0
1,1.74,0,0,438.3,14.14,10,1,0
1,2.34,0,0,464.89,24.03,20,0,0
4,15.0,0,1,21927.8,0.98,9,3,1
1,4.52,0,0,358.14,13.5,15,0,0
1,5.26,0,0,166.61,13.53,5,4,0
1,3.78,0,0,3568.54,14.61,14,1,0
1,4.54,0,0,3492.03,17.18,10,0,0
1,6.57,0,0,499.98,19.25,17,4,0
1,6.62,0,1,3061.34,19.43,21,2,0
1,1.96,0,0,382.8,23.85,16,2,0
1,5.98,0,0,308.93,10.44,17,0,0
1,4.7,0,0,681.78,9.98,10,2,0
1,1.78,1,0,5000.0,20.16,12,1,0
1,5.71,0,0,77.73,16.77,6,0,0
2,7.33,0,0,172.5,19.16,6,0,0
1,4.58,0,0,289.49,13.62,19,3,0
1,4.18,0,0,653.61,15.84,12,0,0
1,6.53,0,0,2188.7,14.18,9,3,0
2,2.92,0,0,360.07,22.48,13,2,0
1,5.79,0,0,3359.31,8.51,15,1,0
1,4.76,0,0,5000.0,17.19,21,3,0
1,1.58,0,0,1428.9,20.81,9,1,0
1,5.44,0,0,393.27,17.53,6,3,0
2,8.42,0,0,124.09,8.09,19,3,0
1,3.77,0,0,86.87,17.94,16,3,0
1,4.3,0,0,4721.81,18.71,9,2,0
1,3.94,0,0,1283.26,20.16,18,1,0
1,3.48,0,0,136.76,2.0,21,3,0
2,5.52,0,0,1032.41,14.6,10,2,0
1,5.63,0,0,384.57,14.69,20,2,0
1,2.37,0,0,5000.0,20.72,9,5,0
2,7.41,0,0,2464.91,7.36,14,0,0
1,7.19,0,0,89.55,13.34,15,4,0
1,3.96,0,0,164.29,12.52,21,4,0
1,4.54,0,0,461.77,10.99,10,1,0
1,5.75,0,0,44.45,8.69,14,0,0
1,4.84,0,1,203.54,9.8,19,2,0
1,5.29,0,0,150.4,14.3,9,0,0
1,11.12,0,0,5000.0,22.87,11,0,0
1,3.88,0,1,24.17,18.1,9,1,0
2,6.95,0,0,1028.49,14.42,14,3,0
1,5.83,1,0,3781.51,20.83,19,0,0
1,3.75,0,0,1396.57,20.58,16,4,0
1,4.94,0,0,1154.07,29.07,7,0,0
1,4.83,0,0,151.5,12.25,17,0,0
1,2.55,0,0,114.42,5.98,13,2,0
1,6.53,1,0,868.69,21.65,7,3,0
1,6.42,0,0,1242.46,16.4,15,0,0
1,7.56,0,0,614.92,11.89,6,1,0
1,6.52,0,0,177.8,16.96,13,1,0
2,2.79,1,0,5000.0,13.0,19,3,0
1,5.1,0,0,3769.52,10.83,16,2,0
1,4.54,0,0,2314.44,18.27,13,2,0
1,4.7,0,0,150.88,13.82,16,1,0
2,7.81,0,0,642.16,8.63,8,1,0
1,6.43,0,0,286.26,20.5,15,3,0
1,4.33,0,0,496.15,15.2,9,4,0
1,9.8,0,0,389.98,10.62,11,0,0
1,7.15,0,0,657.31,13.57,20,1,0
1,7.58,0,0,272.57,8.61,16,2,0
1,4.81,0,0,354.66,15.15,18,4,0
1,1.74,0,0,1979.17,14.6,9,2,0
2,6.53,0,0,71.9,10.99,15,3,0
2,5.89,0,0,776.74,17.02,11,3,0
1,2.23,0,0,399.19,13.92,7,1,0
1,10.88,0,0,1011.47,9.73,21,0,0
2,4.5,1,0,232.14,15.05,18,0,0
1,6.06,0,0,1641.75,21.36,2,1,0
1,5.83,0,0,259.97,2.0,0,4,0
1,5.42,0,0,156.04,14.52,13,2,0
1,1.76,0,0,141.64,26.25,14,4,0
1,2.58,0,0,15.01,23.0,16,4,0
1,6.75,1,0,407.91,7.61,9,2,0
1,5.64,0,0,491.04,11.05,0,3,0
1,3.55,0,0,5.79,4.64,11,2,0
2,2.44,0,0,1489.39,19.74,8,4,0
1,6.1,0,0,82.4,22.41,20,0,0
1,3.91,0,0,63.94,11.87,16,0,0
2,6.94,0,0,31.49,19.59,16,3,0
1,6.31,0,0,343.02,20.56,16,3,0
1,8.17,0,0,75.44,15.86,21,0,0
1,4.76,0,0,572.24,11.41,20,1,0
1,7.33,0,0,62.28,11.2,12,4,0
1,4.39,0,0,5000.0,21.8,14,0,0
1,8.33,0,0,217.63,8.22,9,3,0
1,6.34,0,0,257.69,13.21,5,1,0
1,2.48,0,0,372.54,12.25,19,3,0
1,5.51,0,0,81.75,14.95,12,1,0
1,5.51,0,0,1469.17,15.7,12,1,0
2,1.7,0,0,374.04,3.83,14,0,0
1,8.64,0,0,116.48,26.11,9,4,0
1,5.2,0,0,665.22,13.1,7,4,0
1,7.62,0,0,1010.8,10.11,12,2,0
1,4.34,0,0,242.81,10.8,1,3,0
1,4.22,0,0,1585.94,17.11,10,2,0
1,7.75,0,0,1842.39,20.14,20,4,0
1,4.12,0,0,2320.31,17.84,10,0,0
1,8.07,0,0,496.09,17.53,10,3,0
1,6.03,0,0,1180.26,18.49,17,4,0
1,3.87,0,0,1813.0,12.51,0,1,0
1,3.04,0,0,129.22,10.11,17,0,0
1,3.83,0,0,58.27,8.52,16,2,0
2,7.13,0,0,16.27,17.09,18,4,0
2,6.92,0,0,1386.0,10.19,17,3,0
1,3.09,0,0,1384.49,24.48,7,2,0
1,3.62,0,0,434.41,18.61,15,2,0
4,25.52,1,1,0.64,77.73,17,5,1
2,2.33,0,0,263.59,19.39,9,1,0
1,6.79,0,0,29.65,17.51,16,0,0
1,4.08,0,0,758.28,12.11,13,5,0
1,4.92,0,0,1908.93,14.4,10,2,0
1,5.15,1,0,1335.11,5.7,20,0,0
1,5.11,0,0,117.77,14.29,9,6,0
1,5.9,0,0,703.9,15.24,10,2,0
1,4.83,0,0,739.76,18.58,7,4,0
1,5.73,0,0,973.68,22.07,9,4,0
1,4.19,0,0,159.93,20.61,16,0,0
1,8.21,0,0,18.26,13.41,14,4,0
5,21.68,1,1,0.13,0.66,2,6,1
1,5.72,0,0,2910.53,15.99,12,3,0
2,2.25,0,0,1721.43,22.04,13,1,0
1,1.78,0,0,141.75,21.13,14,6,0
2,7.38,0,0,145.47,16.16,8,4,0
1,3.64,0,0,341.44,10.48,16,1,0
2,5.61,0,0,176.61,15.63,11,4,0
1,5.72,0,0,1723.57,25.57,9,4,0
1,5.37,0,0,1362.52,9.26,16,3,0
3,44.12,1,1,0.62,159.92,11,4,1
1,1.83,0,0,17.89,13.82,12,3,0
1,7.38,0,0,2110.81,22.21,7,3,0
1,4.53,0,0,5000.0,8.53,12,2,0
1,7.39,0,0,44.08,16.39,17,0,0
1,4.3,0,0,41.61,16.61,13,4,0
1,4.16,0,0,131.77,11.69,10,4,0
1,6.52,0,0,1392.6,13.29,14,5,0
1,3.85,0,0,4077.2,25.03,14,3,0
1,6.49,0,0,982.54,17.78,9,2,0
1,7.86,0,0,1290.43,17.77,8,4,0
2,4.69,0,0,5000.0,12.38,9,3,0
1,7.18,0,0,341.69,5.68,11,6,0
1,4.28,0,0,905.4,16.48,15,4,0
1,6.48,0,0,488.14,11.06,13,4,0
1,7.12,0,0,1646.39,3.04,8,4,0
1,3.61,0,0,78.54,12.95,12,0,0
1,5.28,0,0,795.37,4.5,15,0,0
1,4.79,0,0,127.7,15.34,20,4,0
1,4.73,0,0,4.35,15.92,14,3,0
1,1.0,0,0,2072.37,17.3,10,2,0
1,2.75,0,0,71.67,15.55,0,4,0
1,4.18,0,0,618.14,24.29,12,2,0
1,7.64,0,0,520.12,17.66,16,2,0
1,6.0,0,0,896.85,6.19,6,5,0
1,5.19,0,0,148.08,15.97,13,1,0
1,6.29,1,0,1255.37,18.06,18,6,0
1,3.5,0,0,448.94,8.53,9,1,0
1,4.16,0,0,104.49,18.19,19,1,0
6,25.31,0,1,0.08,1.4,22,3,1
1,6.19,0,0,73.36,18.11,18,0,0
1,4.56,0,0,71.95,21.01,6,2,0
1,6.21,0,0,2883.44,16.41,17,3,0
1,6.76,0,0,88.1,12.36,11,2,0
1,4.38,0,0,1107.31,21.37,18,0,0
1,3.71,0,0,1339.31,6.92,10,1,0
1,5.4,0,0,93.33,20.27,14,2,0
1,3.17,0,0,1366.87,8.85,17,3,0
1,5.76,0,0,1144.89,14.66,11,2,0
1,5.22,0,0,5000.0,13.59,11,0,0
3,26.21,1,0,39400.93,110.31,0,3,1
1,3.08,0,0,1402.87,16.16,17,2,0
1,8.91,0,0,440.75,17.23,16,0,0
1,3.55,0,0,1197.84,15.19,14,3,0
1,5.09,0,0,4408.4,15.52,12,4,0
1,1.25,1,0,434.4,18.84,10,0,0
1,5.22,0,0,863.62,8.03,7,0,0
1,4.4,0,0,321.99,13.37,10,1,0
1,3.69,0,0,134.38,22.96,8,2,0
1,4.87,0,0,1169.32,12.82,10,5,0
1,6.72,0,0,53.77,20.92,14,4,0
1,3.26,0,0,169.0,16.2,21,4,0
1,3.35,0,0,517.85,17.46,14,2,0
1,6.31,0,0,40.25,13.93,14,3,0
1,4.9,0,0,61.86,22.44,7,5,0
1,6.12,0,0,270.88,21.85,13,4,0
1,2.05,1,0,1870.14,8.68,0,4,0
1,4.81,0,0,449.46,13.94,13,0,0
1,4.87,0,0,5000.0,17.61,15,6,0
1,5.19,0,0,80.94,17.41,20,6,0
4,43.81,1,1,0.59,163.55,22,6,1
1,1.0,0,0,270.86,13.0,21,1,0
1,4.95,0,0,300.76,9.79,10,4,0
1,4.6,0,0,86.16,12.98,13,4,0
1,3.71,1,0,317.15,27.5,4,6,0
6,15.0,1,1,0.09,94.83,3,3,1
2,4.7,0,0,865.22,12.12,12,2,0
1,5.82,0,0,273.64,22.99,10,5,0
2,5.53,0,0,12.42,18.91,18,2,0
1,7.57,0,0,207.07,19.82,15,3,0
1,5.23,0,0,371.07,8.78,21,0,0
1,6.07,0,0,334.23,16.64,11,2,0
1,8.46,0,0,1510.35,7.83,7,3,0
1,6.45,0,0,495.22,23.88,16,0,0
2,9.87,0,0,703.96,11.98,20,1,0
1,7.92,0,1,32.2,17.07,12,2,0
1,5.43,0,0,173.7,22.0,9,4,0
1,3.87,0,0,231.45,13.37,17,0,0
1,7.22,0,0,5000.0,15.35,10,1,0
1,3.37,0,0,17.76,23.48,10,5,0
1,3.29,0,0,198.76,20.44,7,2,0
1,6.34,1,0,179.53,11.11,1,5,0
1,5.51,0,0,239.13,13.25,3,4,0
1,5.43,0,0,303.65,7.3,14,2,0
1,6.47,0,0,442.69,11.85,13,0,0
1,5.72,0,0,945.69,11.51,10,0,0
1,5.29,0,0,1394.04,11.85,10,3,0
1,2.53,0,0,1111.28,22.33,10,2,0
1,5.53,0,0,175.98,18.48,12,4,0
1,8.15,0,0,170.09,18.12,14,2,0
1,3.65,0,0,14.22,7.1,19,2,0
1,7.3,0,0,211.99,19.82,15,3,0
2,4.8,0,0,283.61,10.53,11,3,0
1,6.2,0,0,101.46,13.13,17,3,0
1,4.51,0,0,405.34,21.15,21,0,0
1,4.41,0,0,506.98,14.59,13,0,0
2,6.12,0,0,119.07,28.17,20,3,0
2,4.09,0,0,1543.93,23.12,14,2,0
1,5.75,0,0,385.06,10.45,20,0,0
1,3.46,0,0,4875.38,16.59,16,3,0
1,5.83,0,0,720.23,19.19,12,2,0
1,6.99,0,0,224.16,10.39,12,4,0
1,6.74,0,0,32.3,17.92,10,0,0
2,5.69,0,0,862.09,22.24,9,3,0
1,1.5,0,0,61.19,10.8,9,3,0
1,2.13,0,0,169.18,20.5,14,0,0
1,3.48,0,0,230.03,20.01,19,2,0
1,5.85,0,0,51.09,12.18,9,6,0
1,5.93,0,0,336.72,13.61,17,6,0
1,7.02,0,0,24.51,20.05,11,2,0
4,45.38,1,0,0.62,0.56,19,3,1
1,4.73,0,0,414.98,9.14,6,0,0
1,8.9,0,0,311.31,18.86,8,3,0
1,5.02,0,0,4067.0,21.28,3,4,0
1,2.5,0,0,553.48,9.44,21,0,0
1,1.23,0,0,223.47,9.07,16,3,0
1,2.18,0,0,2056.44,5.1,17,2,0
1,3.93,0,1,48.88,15.36,18,2,0
1,4.67,0,0,2861.08,12.51,9,3,0
1,5.63,0,0,540.89,14.51,7,4,0
2,5.52,0,0,61.4,8.83,14,2,0
3,23.32,1,0,15272.41,1.27,5,6,1
1,4.63,0,0,121.5,14.68,11,4,0
1,3.42,0,0,14.09,16.68,3,2,0
1,6.96,0,0,29.57,12.27,14,0,0
1,6.36,0,0,435.75,29.08,10,2,0
1,3.86,0,0,541.77,20.04,14,2,0
1,6.1,0,0,391.72,17.76,17,3,0
1,6.78,0,0,316.42,17.19,14,0,0
1,1.95,0,0,1019.24,18.56,9,0,0
2,3.67,0,0,3103.13,4.81,19,0,0
1,6.43,0,0,504.74,16.82,11,2,0
2,5.71,0,0,274.82,21.85,12,4,0
2,5.68,1,0,152.31,21.61,12,4,0
1,7.0,0,0,2009.31,21.36,4,2,0
1,5.93,0,0,862.25,9.86,21,1,0
1,8.53,0,0,856.61,14.96,9,0,0
1,7.22,0,0,506.29,16.49,16,1,0
2,4.54,0,0,79.71,18.08,10,4,0
1,5.06,0,0,429.23,17.22,10,3,0
1,1.35,0,0,2103.67,24.79,15,1,0
2,2.06,0,0,4206.28,13.63,7,1,0
2,3.8,0,0,1670.97,9.89,13,0,0
1,2.65,1,0,123.59,19.49,9,1,0
2,4.59,0,0,1079.07,15.97,2,2,0
1,3.37,0,0,221.12,5.13,16,4,0
1,6.72,0,0,94.14,13.01,14,4,0
1,2.29,1,1,673.6,24.38,10,4,0
2,2.67,0,0,358.0,17.26,22,3,0
1,4.62,0,0,323.43,19.82,19,4,0
2,4.59,0,0,5000.0,16.69,14,1,0
1,1.65,0,0,302.31,16.51,8,2,0
1,4.84,0,0,210.24,13.45,6,3,0
2,1.89,0,0,268.11,4.52,17,2,0
1,1.6,0,0,5000.0,6.26,17,4,0
1,5.27,0,0,617.04,13.71,9,4,0
1,7.45,0,0,42.77,10.41,12,4,0
1,1.0,0,0,1077.57,19.05,15,0,0
1,4.23,0,0,758.0,10.68,16,5,0
1,5.31,0,0,275.21,22.52,13,2,0
1,3.8,0,0,1261.9,11.38,12,1,0
1,4.65,0,0,5000.0,13.29,22,0,0
1,2.33,0,0,1745.24,9.34,15,1,0
1,3.66,0,0,253.71,11.24,17,3,0
1,6.18,0,0,4401.85,12.44,20,5,0
5,15.0,0,1,30277.2,0.77,4,4,1
2,1.73,0,0,170.86,17.66,15,4,0
1,3.78,0,0,25.53,14.84,16,0,0
1,3.42,0,0,272.61,8.81,12,1,0
1,6.58,0,0,75.33,23.84,16,0,0
1,7.0,0,1,93.68,20.04,19,0,0
2,6.05,0,0,4905.99,20.07,9,5,0
1,4.98,0,0,5000.0,12.35,17,1,0
1,5.17,0,0,184.94,14.09,17,1,0
1,4.27,0,0,434.63,15.4,6,2,0
1,5.44,1,0,92.92,14.09,13,0,0
1,6.22,0,0,5000.0,22.09,11,1,0
1,5.29,0,1,566.83,11.54,10,2,0
5,49.69,1,1,35196.82,71.82,19,4,1
1,3.76,0,0,236.69,16.81,17,1,0
1,6.83,0,0,83.5,18.79,15,4,0
1,3.11,0,0,655.15,21.25,13,0,0
1,6.2,0,0,654.99,13.74,19,4,0
1,4.04,0,0,488.68,16.84,2,0,0
2,5.62,0,0,37.79,13.94,11,3,0
1,4.97,0,0,724.72,7.76,9,4,0
1,1.0,0,0,564.82,19.52,17,2,0
1,2.78,0,0,2254.29,11.98,6,0,0
1,6.25,0,0,266.25,12.5,11,1,0
1,4.54,0,0,239.81,12.07,9,2,0
1,5.36,0,0,134.7,13.28,14,0,0
1,5.52,0,0,193.78,9.4,11,0,0
1,1.73,1,0,1723.17,14.45,15,0,0
1,4.36,0,0,45.41,22.15,18,3,0
2,5.2,0,0,974.18,17.03,11,3,0
4,21.53,1,0,33609.25,1.51,7,2,1
1,1.54,0,0,3521.03,16.0,17,2,0
1,5.75,0,0,307.74,10.57,11,2,0
1,7.4,0,0,578.42,21.27,17,3,0
1,2.78,0,0,650.9,16.4,16,0,0
1,3.18,0,0,11.87,23.36,12,0,0
1,4.5,0,0,2402.36,8.86,17,4,0
1,5.03,0,0,43.91,20.72,8,4,0
1,5.84,0,0,1603.28,20.09,9,1,0
1,5.04,0,0,393.53,18.42,11,5,0
1,6.54,0,0,1193.02,15.56,15,4,0
1,7.76,0,0,873.56,34.26,17,3,0
1,2.1,0,0,589.25,21.92,17,3,0
1,9.42,0,0,165.42,31.2,17,4,0
1,3.72,0,0,156.98,22.67,6,4,0
1,2.54,0,0,309.01,20.61,10,6,0
1,4.91,0,0,72.24,14.49,4,0,0
1,7.21,0,0,168.57,9.13,15,2,0
1,7.36,0,0,315.89,11.28,12,0,0
1,7.26,0,0,356.36,16.22,11,0,0
1,5.63,0,0,5000.0,18.15,18,3,0
1,5.39,0,0,106.29,19.78,10,6,0
1,1.74,0,0,923.15,12.65,1,0,0
1,2.28,0,0,662.67,22.26,10,3,0
1,3.72,0,0,106.02,19.66,8,3,0
1,5.55,0,0,40.58,17.57,12,6,0
1,5.95,0,0,125.03,6.28,15,1,0
1,4.14,0,0,711.11,16.9,16,1,0
1,6.02,0,0,32.33,9.88,7,2,0
3,15.39,1,1,0.65,127.3,22,0,1
1,2.51,0,0,75.05,19.65,16,0,0
1,7.67,0,0,965.66,13.4,17,2,0
1,6.98,0,1,1915.18,9.56,6,2,0
5,15.0,1,1,0.96,1.94,15,6,1
1,2.07,1,0,2899.29,28.84,20,4,0
1,5.87,0,0,3562.35,15.07,8,6,0
1,4.08,0,0,914.78,4.14,23,2,0
2,4.66,1,0,3397.37,12.15,16,0,0
1,6.94,0,0,385.12,25.78,10,0,0
1,4.03,0,0,296.25,11.27,6,1,0
4,15.0,1,0,31396.16,0.93,0,5,1
1,3.37,0,0,529.29,8.52,22,5,0
1,3.8,0,0,76.32,15.11,13,0,0
1,2.21,0,0,2765.75,26.03,15,1,0
1,5.55,0,0,121.78,24.06,19,3,0
1,3.74,0,0,5000.0,14.68,10,3,0
1,5.65,0,0,5000.0,5.17,9,2,0
1,2.82,1,0,319.34,15.02,15,0,0
1,7.42,0,0,383.51,14.49,14,1,0
1,2.92,0,0,393.67,19.91,10,2,0
1,7.57,0,0,1984.88,7.37,22,5,0
2,3.69,0,0,398.63,22.4,6,2,0
1,9.28,0,0,130.86,6.92,15,5,0
1,2.81,1,0,631.18,6.75,13,3,0
5,42.29,1,1,24901.1,1.47,12,3,1
1,1.84,0,0,5000.0,15.72,13,2,0
1,3.1,0,0,66.89,19.44,10,5,0
1,3.46,0,0,171.49,9.1,8,2,0
2,6.39,0,0,5000.0,15.48,21,0,0
1,6.23,0,0,112.33,17.38,10,4,0
1,1.61,0,0,153.18,5.2,16,3,0
1,7.92,0,0,30.56,24.01,9,4,0
1,7.18,1,1,2440.15,9.55,17,0,0
1,1.54,0,0,285.33,6.49,17,1,0
1,4.6,0,0,442.02,5.51,15,2,0
2,7.45,0,0,144.73,19.6,22,4,0
1,4.54,1,0,674.58,17.28,17,4,0
1,6.69,0,0,853.76,10.1,12,0,0
1,5.26,0,0,2113.08,13.72,18,0,0
1,5.52,1,1,634.93,22.58,21,4,0
1,7.28,0,0,75.1,14.56,15,3,0
1,5.53,0,0,103.49,13.92,14,2,0
3,18.35,0,0,0.8,0.51,5,5,1
2,8.67,0,0,272.02,7.02,17,1,0
2,6.48,0,0,255.24,20.23,9,2,0
1,5.19,0,0,165.67,20.47,10,0,0
1,4.49,0,0,10.98,22.4,13,3,0
1,2.59,0,0,61.83,18.02,11,4,0
4,32.7,0,1,44145.2,0.62,23,1,1
1,7.07,0,0,2250.8,2.0,0,2,0
1,4.33,0,0,2732.81,14.24,17,3,0
1,6.08,0,0,1669.39,15.28,8,4,0
1,1.22,0,0,226.21,25.75,11,2,0
1,4.41,0,0,605.62,12.58,15,1,0
1,3.95,0,0,395.03,15.51,12,1,0
1,5.45,0,0,519.41,21.59,16,1,0
1,3.31,0,0,164.79,6.63,15,0,0
1,5.77,1,0,1070.28,7.48,10,3,0
1,4.42,0,0,34.78,12.88,8,3,0
1,6.34,1,0,260.24,12.65,14,0,0
1,6.0,0,0,1249.63,19.69,9,3,0
1,4.8,0,0,36.84,11.42,13,4,0
1,5.07,0,0,20.28,16.87,11,3,0
1,3.37,1,0,159.74,13.42,17,3,0
1,4.85,0,0,41.4,13.21,16,4,0
1,1.96,0,0,2606.54,15.19,7,3,0
1,8.36,0,0,130.8,20.83,7,3,0
1,6.11,0,0,528.39,21.96,10,3,0
1,3.01,0,0,474.39,10.47,16,4,0
1,6.4,0,0,65.04,13.78,17,6,0
5,23.44,1,1,0.05,112.33,10,0,1
1,7.14,0,0,5000.0,23.17,22,4,0
1,6.31,0,0,5000.0,22.37,14,4,0
1,2.6,0,0,5000.0,16.96,12,4,0
1,3.32,0,0,1112.83,19.98,14,1,0
1,6.59,0,0,5000.0,12.95,15,4,0
1,2.71,0,0,909.11,21.73,14,3,0
1,4.81,0,0,568.77,7.3,11,3,0
1,4.55,0,0,842.87,13.21,20,2,0
2,5.01,0,0,1379.99,14.85,11,5,0
1,1.48,0,0,286.96,14.29,20,3,0
2,4.53,0,0,917.99,17.86,11,2,0
1,3.62,0,0,94.59,14.76,10,6,0
1,4.09,0,0,611.58,14.89,13,6,0
1,2.1,0,0,1128.21,14.29,15,4,0
1,5.41,0,1,45.96,7.96,17,5,0
1,6.64,0,0,201.02,17.31,11,5,0
1,6.9,0,0,2104.29,20.73,10,1,0
1,6.14,0,0,142.02,21.53,16,1,0
1,4.58,0,0,658.6,16.5,9,3,0
1,6.93,0,0,146.28,5.48,11,0,0
1,3.13,0,0,267.58,14.93,6,4,0
1,3.1,0,0,760.5,12.14,4,0,0
1,6.95,0,0,185.81,18.1,13,4,0
1,1.0,0,0,591.91,19.94,21,4,0
1,3.7,0,0,894.57,19.29,21,2,0
1,5.93,0,0,1434.69,17.57,6,4,0
1,7.12,0,0,543.05,9.33,12,6,0
1,5.15,0,0,206.04,8.93,13,1,0
1,6.07,0,0,153.65,20.15,18,5,0
2,6.86,0,0,656.06,14.35,21,3,0
1,8.72,0,0,1730.57,30.07,11,0,0
1,6.83,0,0,267.15,3.99,13,1,0
1,5.98,0,0,379.84,7.85,6,3,0
1,3.39,0,0,322.63,16.66,9,4,0
1,6.25,1,0,150.5,14.76,4,3,0
1,8.14,0,0,654.64,10.86,16,3,0
1,4.63,0,0,159.75,21.45,0,1,0
1,7.23,0,0,2031.39,17.02,14,0,0
1,5.5,0,0,105.61,21.11,12,4,0
1,2.57,0,0,294.34,12.31,12,2,0
1,4.46,0,0,341.72,10.52,11,4,0
1,4.11,0,0,185.42,21.63,14,5,0
2,5.13,0,0,77.64,22.1,20,1,0
1,7.87,1,0,142.8,11.7,17,1,0
1,6.99,0,0,1420.0,11.91,9,1,0
1,8.1,0,0,237.21,12.13,1,1,0
4,25.55,1,0,0.64,1.03,21,6,1
1,6.24,0,0,5000.0,19.14,11,4,0
1,4.27,0,0,139.75,15.08,23,4,0
1,4.15,0,0,182.25,17.57,19,2,0
1,4.56,0,0,132.51,14.33,4,0,0
1,2.62,0,0,275.1,23.96,19,0,0
1,4.81,0,0,189.49,21.07,14,1,0
1,6.86,1,0,2090.12,20.42,20,0,0
1,4.61,0,0,387.12,23.86,12,4,0
1,5.46,0,0,19.13,8.39,8,2,0
1,7.84,0,0,242.83,2.0,17,4,0
1,5.58,0,0,15.96,18.59,8,2,0
2,5.32,0,0,232.91,3.95,13,6,0
2,3.99,0,0,112.84,12.76,6,1,0
2,5.58,0,0,451.31,14.09,6,6,0
1,3.14,1,0,353.84,17.74,13,4,0
1,1.0,0,0,728.29,5.36,18,6,0
3,18.09,1,1,0.1,137.24,20,1,1
1,7.38,0,0,21.18,7.59,3,2,0
1,5.84,0,0,3207.47,18.24,8,4,0
1,4.6,0,1,1484.98,9.07,5,0,0
2,2.74,0,0,446.07,17.58,20,0,0
1,4.02,0,0,456.53,13.15,12,1,0
1,5.3,1,0,5000.0,21.43,9,2,0
2,6.2,0,0,63.51,11.58,5,1,0
1,5.07,0,0,96.13,20.41,12,5,0
1,1.0,0,0,2920.33,16.12,5,6,0
1,3.65,0,0,162.43,17.28,8,1,0
1,8.8,0,0,582.44,20.91,21,1,0
1,4.36,0,0,418.7,20.46,23,1,0
4,19.67,1,1,0.57,1.05,4,1,1
1,2.9,0,0,724.55,14.23,10,2,0
1,6.16,0,0,390.98,15.59,11,4,0
2,6.8,0,0,51.8,15.39,8,3,0
1,3.15,0,0,153.66,19.64,21,3,0
1,7.03,0,0,526.09,25.52,4,5,0
1,7.79,0,0,439.45,11.86,10,0,0
1,7.29,0,0,30.0,27.85,14,1,0
2,8.69,0,0,149.5,19.26,12,0,0
1,4.12,0,0,4328.85,21.98,14,1,0
1,5.0,0,0,4238.68,10.15,10,4,0
1,7.3,0,0,53.28,12.92,21,3,0
1,4.52,0,0,1299.98,21.05,17,1,0
1,4.24,0,0,426.8,20.46,12,2,0
1,4.72,0,0,38.39,17.29,9,0,0
1,5.77,0,0,120.65,9.27,7,4,0
1,4.48,0,0,493.97,11.75,15,4,0
2,4.25,0,0,344.66,18.06,1,2,0
1,6.01,0,0,498.44,22.94,9,3,0
1,4.89,0,0,243.59,8.06,16,0,0
1,2.96,0,0,244.03,16.71,2,4,0
1,2.2,0,0,550.13,15.77,6,2,0
2,4.2,0,0,836.53,15.82,21,2,0
1,4.16,0,0,1132.18,11.94,18,2,0
1,5.57,0,0,497.7,12.28,10,4,0
1,5.39,0,0,151.92,2.0,16,0,0
1,4.5,0,0,1105.5,17.21,17,1,0
1,5.25,0,0,959.15,14.36,12,4,0
1,4.26,0,0,548.3,9.84,17,3,0
1,2.44,0,0,504.21,13.31,22,1,0
2,6.84,0,0,423.27,11.23,8,4,0
2,2.55,0,0,813.97,9.15,11,1,0
1,3.11,1,0,3314.09,14.91,10,1,0
1,5.98,0,0,917.35,12.68,21,0,0
1,8.54,0,0,1024.91,13.15,20,0,0
2,2.52,0,0,430.83,14.26,14,3,0
1,3.5,0,0,2075.92,12.26,10,0,0
2,4.56,0,0,18.14,10.53,13,0,0
1,4.68,0,0,180.53,10.8,15,3,0
1,3.6,0,0,96.44,16.08,12,5,0
1,3.61,0,1,1539.84,24.15,18,1,0
1,3.06,0,0,1760.72,14.51,14,2,0
1,4.52,0,0,32.96,14.28,11,6,0
1,6.35,0,0,79.89,19.11,11,4,0
1,1.84,0,0,412.16,10.23,9,0,0
1,1.66,0,0,5000.0,8.79,11,3,0
1,1.0,0,0,31.34,14.72,12,6,0
1,3.79,0,0,37.33,10.15,13,3,0
1,6.56,0,0,305.62,21.06,15,1,0
1,5.44,0,0,196.57,20.54,10,3,0
1,8.64,0,0,428.33,16.22,12,0,0
1,6.07,0,0,59.29,10.52,23,4,0
1,6.77,0,0,262.13,16.44,2,2,0
1,2.91,0,0,421.43,14.36,15,4,0
1,1.13,0,0,65.95,14.17,19,5,0
5,33.94,1,1,41430.11,85.16,8,4,1
1,1.51,0,0,966.2,14.67,11,0,0
1,4.47,0,0,92.78,16.96,12,5,0
1,2.48,1,0,110.22,19.81,8,2,0
1,6.19,0,0,69.17,10.52,9,3,0
1,4.44,0,0,243.28,20.92,16,2,0
1,4.79,0,0,155.7,8.05,13,0,0
1,2.44,0,0,1054.39,14.05,6,0,0
1,6.12,0,1,7.9,8.83,14,0,0
1,8.1,0,0,1062.16,21.84,16,1,0
1,4.93,0,0,158.1,18.73,19,5,0
1,6.61,0,0,380.0,7.98,21,2,0
1,4.85,0,0,111.46,14.74,14,3,0
1,4.94,0,0,55.0,18.4,14,1,0
1,5.82,0,0,687.14,10.85,11,2,0
1,3.77,0,0,355.97,7.75,10,1,0
1,8.11,0,0,208.66,15.06,17,1,0
1,7.49,0,0,491.78,4.57,17,2,0
1,1.83,0,0,655.98,13.07,6,6,0
1,1.0,0,0,5000.0,15.17,17,2,0
2,7.08,0,0,3148.09,9.57,15,3,0
1,2.63,0,0,1527.3,18.8,21,3,0
1,6.73,0,0,1196.18,17.24,10,0,0
6,25.85,1,1,16323.69,0.7,19,5,1
1,3.34,0,0,255.75,15.57,18,3,0
1,6.22,0,0,36.19,11.19,9,1,0
1,5.74,0,0,104.48,10.18,20,0,0
1,3.54,0,0,8.75,19.67,8,4,0
1,6.16,0,0,1527.86,13.96,7,4,0
1,4.83,0,0,468.25,18.76,14,1,0
1,5.26,0,0,339.65,14.36,20,3,0
1,1.02,0,0,146.6,2.18,15,2,0
1,5.11,0,0,629.46,17.32,20,4,0
1,1.14,0,0,146.73,10.59,5,4,0
1,3.31,0,0,1517.54,17.31,6,2,0
1,6.08,0,0,1427.17,15.12,19,0,0
1,7.11,0,0,88.16,15.43,14,0,0
1,2.87,0,0,162.82,17.49,17,4,0
1,2.76,0,0,2310.66,14.6,18,2,0
2,5.54,0,0,139.41,7.43,12,2,0
1,6.5,0,0,4121.66,13.37,2,1,0
1,2.76,0,0,4437.33,19.01,10,3,0
2,2.38,0,0,152.02,12.56,9,1,0
1,5.19,0,0,527.71,18.04,5,2,0
1,8.35,0,0,183.65,17.47,7,4,0
1,6.32,0,0,166.78,10.81,9,1,0
1,5.08,0,0,340.87,13.9,17,4,0
1,6.76,0,0,281.63,28.67,13,1,0
1,2.78,0,0,730.48,16.32,12,2,0
1,5.18,0,0,32.02,12.64,14,1,0
1,4.56,0,0,619.45,13.37,10,2,0
2,6.22,0,0,1993.72,22.26,10,1,0
1,3.76,0,0,826.45,19.14,23,0,0
1,4.49,0,0,726.42,14.06,7,2,0
2,2.12,0,0,2019.18,9.87,6,3,0
1,1.0,0,0,80.94,24.56,14,0,0
1,4.69,0,0,3875.27,17.3,11,6,0
1,3.91,0,0,110.47,14.84,21,2,0
1,6.56,0,0,492.9,14.24,17,3,0
1,3.75,0,0,76.75,9.02,16,3,0
2,3.94,0,1,1685.28,17.57,10,0,0
2,4.56,0,0,717.96,11.86,4,4,0
2,9.03,0,0,937.65,18.82,17,4,0
1,6.69,0,0,820.94,10.37,9,3,0
1,2.05,0,0,240.39,17.45,9,4,0
1,4.11,0,0,325.71,16.13,18,0,0
1,7.43,0,0,63.34,12.04,22,2,0
2,4.43,0,0,1249.01,16.19,13,1,0
1,6.92,0,0,150.55,11.51,10,0,0
1,4.78,0,0,1744.92,14.21,11,3,0
1,4.42,0,0,204.17,13.11,18,4,0
1,4.88,0,0,606.3,8.62,20,0,0
2,3.07,0,0,211.61,7.94,6,2,0
1,2.91,0,0,116.35,2.13,22,0,0
1,1.0,0,0,626.35,17.7,15,0,0
1,2.28,0,0,2544.53,18.92,7,2,0
1,1.0,0,0,225.72,14.77,10,2,0
1,4.15,0,0,1972.45,18.99,19,2,0
1,3.01,0,0,181.85,17.42,15,1,0
1,4.46,0,0,247.15,15.62,14,4,0
6,25.02,1,1,33320.75,1.69,0,5,1
1,7.75,0,0,251.48,23.65,15,2,0
1,6.47,0,0,67.33,19.6,10,4,0
1,7.43,0,0,352.73,13.48,7,1,0
1,5.83,0,0,20.75,15.23,12,3,0
1,2.02,0,0,942.24,6.2,16,4,0
1,5.24,0,0,155.53,23.42,12,3,0
1,1.75,0,0,14.62,22.67,4,0,0
1,8.63,0,0,150.48,17.71,15,3,0
1,1.0,0,0,263.16,14.47,13,3,0
1,4.91,0,0,53.26,12.72,11,1,0
1,7.64,0,0,404.1,7.28,18,3,0
1,4.69,0,0,269.53,9.47,6,6,0
1,7.32,0,0,2392.52,22.18,14,0,0
3,38.57,1,1,31110.89,134.87,12,2,1
1,2.75,0,0,322.61,19.02,11,3,0
1,4.45,0,0,793.41,15.0,15,1,0
1,5.98,0,0,182.11,11.04,9,0,0
2,2.24,0,0,561.91,11.74,8,4,0
1,5.08,0,0,5000.0,18.2,17,1,0
1,6.49,0,0,3495.28,12.7,15,4,0
1,7.66,0,0,5000.0,21.45,0,5,0
1,1.42,0,0,206.4,18.85,17,0,0
2,6.99,0,0,135.03,15.12,21,2,0
2,2.52,0,0,300.25,12.68,10,2,0
2,4.02,1,0,100.6,14.43,16,0,0
1,3.37,0,0,1912.77,12.45,7,4,0
1,3.38,0,0,112.47,15.03,15,1,0
1,5.56,0,0,3576.77,7.75,8,1,0
1,2.31,0,0,222.87,26.19,16,2,0
1,9.93,0,0,257.18,2.37,8,2,0
1,6.42,0,0,399.77,19.19,23,4,0
1,6.84,0,0,96.36,17.59,11,0,0
1,5.88,0,0,101.65,8.32,18,1,0
1,3.38,0,0,1105.35,16.92,7,4,0
6,32.66,1,1,0.58,80.42,11,4,1
1,7.79,0,0,751.43,9.28,15,3,0
1,8.4,0,0,110.21,22.84,9,3,0
1,4.69,0,0,263.33,22.95,12,5,0
1,9.01,0,0,2118.13,20.94,9,3,0
1,5.38,0,0,958.28,13.25,12,4,0
1,8.24,0,0,340.49,19.37,14,3,0
1,3.52,0,0,447.0,6.27,8,3,0
1,5.91,0,0,277.04,15.31,10,2,0
1,5.85,0,0,1492.53,16.62,12,5,0
1,2.81,0,0,280.33,5.55,9,1,0
1,8.16,0,0,599.67,14.8,14,5,0
1,7.04,0,0,1280.97,18.25,6,2,0
2,4.45,0,0,1654.15,15.96,6,2,0
1,2.15,0,0,273.58,14.06,15,3,0
1,1.0,1,0,1126.6,16.95,18,4,0
1,6.1,0,0,59.96,26.95,15,4,0
2,5.73,0,0,330.17,9.63,11,0,0
1,1.96,1,0,5000.0,8.28,15,3,0
1,3.16,0,0,1994.33,13.71,10,6,0
2,3.7,0,0,100.38,16.19,7,5,0
1,4.44,0,0,339.74,21.19,12,1,0
1,4.27,0,0,140.16,9.25,11,3,0
1,6.59,0,0,393.55,23.75,10,0,0
2,7.02,0,0,201.32,12.67,10,2,0
1,5.47,1,0,57.86,20.8,17,0,0
1,3.07,0,0,282.39,17.33,9,3,0
1,7.6,0,0,2388.82,18.59,10,0,0
1,7.11,0,0,304.8,11.62,16,2,0
1,4.89,0,0,1006.56,7.22,16,5,0
2,2.11,0,0,113.73,15.35,23,0,0
1,7.83,0,0,127.86,12.69,10,5,0
3,20.32,1,0,0.98,61.88,21,0,1
1,7.3,0,0,290.46,15.8,16,4,0
2,6.43,0,0,1210.44,16.44,12,1,0
1,4.66,0,0,10.92,7.72,9,0,0
1,6.06,0,0,146.58,12.98,12,3,0
1,7.11,0,0,148.37,15.99,7,0,0
1,2.26,0,0,5000.0,24.34,15,2,0
1,3.87,0,0,1370.94,14.76,6,1,0
4,34.84,1,1,12670.01,1.41,6,0,1
1,5.97,0,0,137.0,10.38,12,0,0
2,4.75,1,0,1224.77,12.74,11,4,0
2,5.15,0,0,335.09,17.29,11,0,0
1,7.52,0,0,210.79,18.97,9,0,0
1,7.69,0,1,198.04,15.37,15,3,0
1,3.28,0,0,1433.81,14.76,6,0,0
1,6.6,0,0,216.99,15.16,12,4,0
1,6.18,0,0,1490.23,13.37,12,4,0
2,5.87,0,0,255.14,16.68,8,2,0
1,6.33,0,0,1741.81,14.26,11,0,0
1,3.87,0,0,89.74,12.71,14,1,0
1,6.17,0,0,231.52,16.25,11,4,0
2,7.9,0,0,133.07,20.27,13,5,0
1,6.09,0,0,162.17,22.84,15,3,0
1,3.83,0,0,2296.34,19.87,14,0,0
1,4.88,0,0,176.25,8.82,7,2,0
1,3.96,0,0,205.05,17.76,11,4,0
1,4.39,0,0,151.75,15.24,11,0,0
2,7.01,0,0,141.06,14.52,8,3,0
1,7.74,0,0,142.3,12.95,15,0,0
1,3.46,0,1,629.51,20.03,17,3,0
1,5.61,0,0,601.15,19.19,12,4,0
1,5.68,0,0,459.7,13.5,10,2,0
1,8.67,0,0,49.57,21.01,19,3,0
1,6.46,0,0,579.11,16.05,11,0,0
1,5.74,0,0,186.39,16.22,18,2,0
1,8.81,0,0,46.8,14.1,9,5,0
1,8.99,0,0,624.17,19.79,8,6,0
1,2.43,0,0,1182.77,13.6,18,1,0
1,7.09,0,0,456.43,20.33,20,4,0
1,3.75,0,0,412.84,10.71,7,2,0
1,5.2,0,0,472.71,13.02,16,0,0
1,3.8,0,0,1025.67,21.64,17,0,0
1,5.37,0,0,216.68,15.47,19,2,0
3,21.21,1,0,0.71,77.43,6,1,1
1,6.35,0,0,126.15,5.34,12,2,0
1,4.63,0,0,187.02,10.99,17,5,0
1,3.7,0,0,137.66,5.67,6,1,0
1,5.12,0,0,35.39,9.55,5,4,0
1,2.53,0,0,118.6,7.72,7,3,0
2,7.74,0,0,34.84,15.62,7,3,0
1,3.91,0,0,186.13,14.0,15,0,0
1,2.42,0,0,456.76,15.18,13,2,0
1,3.22,0,0,367.69,17.9,19,1,0
1,7.25,0,0,598.15,15.97,12,5,0
1,1.0,0,0,918.97,16.87,12,4,0
2,3.25,0,0,306.11,2.56,19,2,0
1,5.2,0,0,234.64,14.68,11,0,0
1,3.01,0,0,385.13,9.03,11,4,0
1,6.62,0,0,5000.0,15.07,7,2,0
1,5.44,0,0,452.92,23.11,13,0,0
1,5.87,0,0,120.41,14.34,13,2,0
1,2.34,1,0,453.14,22.57,16,2,0
1,3.74,0,0,51.55,11.45,7,1,0
1,7.15,0,0,315.47,14.85,15,4,0
1,9.32,0,0,24.72,12.48,12,1,0
1,2.94,0,0,131.16,21.09,18,2,0
2,2.94,0,0,697.04,11.6,15,2,0
1,1.52,0,0,372.09,10.09,14,3,0
1,3.2,0,0,5000.0,12.71,13,4,0
1,5.94,0,0,497.12,13.58,9,3,0
1,2.57,0,0,231.42,7.97,20,2,0
1,5.72,0,0,351.44,9.59,14,0,0
2,7.77,0,0,1141.64,13.04,15,4,0
1,6.02,0,0,313.42,20.88,1,3,0
1,7.25,0,0,46.44,9.49,11,4,0
1,2.97,0,0,1439.28,18.76,18,3,0
2,6.54,0,0,4011.76,15.72,16,0,0
2,3.12,0,0,368.1,11.26,17,3,0
1,5.83,0,0,621.13,20.35,17,2,0
1,2.28,0,0,134.11,14.29,10,6,0
1,5.77,0,0,11.54,13.26,14,1,0
3,28.18,0,1,12515.7,115.48,1,5,1
6,15.0,1,1,0.26,107.67,3,5,1
1,4.33,0,0,57.99,17.86,10,3,0
2,4.32,1,0,222.37,14.79,15,2,0
1,8.24,0,0,225.31,13.47,9,4,0
1,4.24,0,0,1461.21,10.86,13,1,0
6,30.21,1,0,0.94,107.13,2,5,1
1,4.99,0,0,416.38,7.95,0,5,0
1,1.34,0,0,545.1,20.94,12,5,0
1,6.31,0,0,1397.02,13.01,12,3,0
1,5.82,0,0,55.24,13.17,6,0,0
1,1.0,0,0,71.77,16.88,6,5,0
1,4.45,0,0,697.63,11.29,15,4,0
1,4.0,0,0,778.8,15.39,13,0,0
1,6.55,0,0,523.1,16.93,14,0,0
1,4.0,0,0,48.08,15.55,11,4,0
1,4.7,0,0,4099.42,14.97,18,4,0
1,6.79,0,0,1743.36,15.0,20,0,0
1,8.97,0,0,303.78,19.61,17,2,0
1,5.8,0,1,52.47,18.73,15,2,0
1,5.82,0,0,221.44,16.35,21,2,0
2,2.63,0,0,190.74,2.0,18,2,0
1,7.28,0,0,2103.24,20.31,16,4,0
1,5.45,0,0,231.97,16.07,15,2,0
1,6.19,0,0,351.74,14.6,7,2,0
1,4.23,0,0,622.01,17.43,14,0,0
1,5.21,0,0,329.59,15.15,10,0,0
2,5.13,0,0,6.89,21.69,18,2,0
2,8.09,0,0,458.56,6.33,2,4,0
1,5.02,0,0,233.15,17.68,11,5,0
1,7.11,0,0,435.74,10.2,10,4,0
1,5.76,1,0,303.0,13.25,17,2,0
2,1.53,0,0,160.99,16.81,19,0,0
1,5.62,0,0,483.21,17.57,9,3,0
1,5.86,0,0,1554.18,18.67,3,3,0
1,5.63,0,0,214.8,13.59,11,1,0
1,10.08,0,0,885.3,20.35,0,1,0
1,1.7,1,0,144.05,20.82,8,4,0
1,3.94,0,0,427.09,15.6,9,3,0
1,3.15,0,0,4938.7,16.97,15,1,0
1,1.71,0,0,4736.35,20.05,15,2,0
1,2.4,0,0,470.73,15.75,2,1,0
1,8.01,0,0,175.96,13.73,6,5,0
1,6.57,0,0,642.83,14.54,16,1,0
1,3.46,0,1,947.17,23.14,10,0,0
1,5.68,0,0,1889.72,19.36,15,1,0
3,36.09,1,1,23389.41,76.7,22,3,1
2,6.02,0,0,94.76,12.31,9,2,0
1,2.49,0,0,176.72,11.64,21,1,0
1,5.76,0,0,1210.71,14.6,11,2,0
1,3.51,0,0,145.53,12.07,12,6,0
2,9.83,0,0,133.08,20.96,21,4,0
1,1.51,0,0,482.28,7.37,2,0,0
2,3.93,0,0,42.84,13.94,8,5,0
2,4.0,0,0,584.18,15.72,20,4,0
1,6.52,0,0,681.62,7.18,4,3,0
1,4.94,0,0,172.16,16.33,18,0,0
1,2.82,0,0,5000.0,12.65,17,0,0
1,2.46,0,0,43.9,23.36,9,1,0
5,18.9,1,1,39834.57,1.63,13,5,1
1,4.83,0,0,1379.68,14.02,16,3,0
2,4.68,0,0,551.86,5.2,14,1,0
1,1.26,0,0,829.55,10.64,7,2,0
1,7.29,1,0,526.66,8.32,19,4,0
1,1.0,0,0,528.18,21.73,8,4,0
4,32.13,1,0,29843.02,1.48,14,4,1
1,6.94,0,0,990.48,18.34,14,0,0
1,7.74,0,0,2051.44,16.05,13,6,0
1,2.73,0,0,5000.0,18.92,1,2,0
1,2.87,0,0,2371.99,17.02,10,1,0
1,4.32,0,0,107.05,7.78,6,0,0
1,4.69,0,0,216.98,16.3,10,1,0
2,6.23,0,0,763.34,10.1,12,0,0
1,5.35,0,0,5000.0,9.44,15,3,0
1,3.89,0,0,416.88,15.21,12,5,0
1,3.9,0,0,903.65,17.14,9,2,0
4,16.87,1,1,15099.99,94.97,22,2,1
1,6.48,0,0,3695.93,14.63,17,6,0
1,2.58,0,0,282.17,13.61,16,3,0
1,4.05,0,0,350.13,17.1,16,1,0
1,5.99,0,0,305.24,7.0,12,3,0
1,2.06,1,1,498.57,20.59,16,3,0
1,4.31,0,0,25.93,18.08,10,4,0
1,2.03,0,0,1050.56,17.5,12,1,0
1,6.43,0,0,670.17,10.04,9,2,0
1,3.81,0,0,49.94,14.83,13,1,0
1,6.83,0,0,5000.0,10.79,12,4,0
1,4.5,0,0,5000.0,7.94,17,1,0
1,5.66,0,0,764.2,15.1,16,0,0
1,5.35,0,0,65.02,18.67,9,1,0
1,4.59,0,1,183.21,21.94,17,0,0
1,8.18,0,0,326.56,13.57,17,0,0
2,9.04,0,0,558.06,15.6,21,0,0
2,4.06,0,0,593.36,13.8,1,2,0
1,1.6,0,0,364.87,11.38,17,0,0
1,4.01,1,0,71.52,6.56,7,4,0
3,27.56,1,1,38679.01,99.27,4,2,1
1,8.16,0,0,1774.02,14.62,16,0,0
1,5.53,0,0,220.95,21.04,20,0,0
1,1.47,0,0,624.22,16.57,10,0,0
1,1.64,0,0,258.98,13.63,16,0,0
1,6.08,1,0,95.76,8.24,14,1,0
1,2.96,0,0,1320.23,16.7,17,3,0
1,6.81,0,0,400.08,20.89,14,1,0
1,4.42,0,0,241.27,10.99,20,1,0
1,1.79,1,0,442.67,10.36,6,0,0
1,6.63,0,0,41.03,11.48,17,1,0
1,6.06,0,0,839.69,5.9,14,2,0
1,7.36,0,0,5000.0,24.85,10,1,0
1,6.14,0,0,4932.52,10.29,12,4,0
1,5.47,0,0,55.22,19.6,19,2,0
2,5.99,0,0,259.44,14.75,21,3,0
6,26.54,1,0,31023.17,117.82,23,4,1
1,2.73,0,0,838.7,11.73,16,2,0
5,30.59,1,1,20087.28,1.34,9,4,1
1,7.77,0,0,91.3,12.17,4,3,0
1,3.59,1,0,238.1,13.62,14,0,0
1,4.92,1,0,60.93,11.92,9,0,0
1,5.18,0,0,730.63,14.58,6,3,0
1,5.42,0,0,96.69,11.62,17,1,0
2,6.13,0,0,134.04,10.95,18,3,0
1,2.8,0,0,30.7,15.67,22,0,0
1,3.51,0,0,122.06,11.52,21,5,0
1,6.46,0,0,475.5,12.92,17,2,0
2,9.2,1,0,50.5,13.72,14,4,0
1,2.99,0,0,1411.1,15.14,13,2,0
1,5.33,0,0,619.43,16.67,15,3,0
1,4.72,0,0,5000.0,21.91,15,1,0
1,5.57,0,0,102.06,21.78,10,0,0
1,5.86,0,0,772.85,20.77,11,1,0
1,7.62,0,0,5000.0,9.65,12,1,0
1,6.81,0,0,247.1,12.4,11,3,0
1,5.98,0,0,4316.5,12.03,8,0,0
1,5.4,0,0,213.99,11.53,21,1,0
1,3.28,1,0,157.12,2.0,11,2,0
1,1.0,0,0,57.86,5.81,11,4,0
1,4.01,0,0,26.29,16.35,13,1,0
1,5.03,0,0,60.76,17.54,20,1,0
1,5.8,0,0,62.44,11.54,17,1,0
1,2.49,1,0,417.25,13.67,17,0,0
1,6.37,0,0,1275.66,14.99,14,2,0
1,7.36,0,0,192.01,12.51,9,0,0
1,1.59,0,0,13.26,16.26,7,2,0
1,2.98,0,0,75.52,4.28,11,4,0
1,2.37,0,0,746.0,13.79,15,3,0
1,3.41,0,0,504.74,6.48,11,0,0
1,3.38,0,0,262.31,15.24,13,3,0
1,1.85,0,0,64.61,9.97,10,6,0
1,2.8,0,0,138.8,11.2,17,1,0
1,7.82,0,0,443.77,16.27,12,2,0
1,2.13,0,0,302.69,14.49,17,3,0
6,20.86,0,1,0.35,0.9,14,4,1
1,3.38,0,0,103.87,9.69,11,0,0
1,3.26,0,0,159.61,19.49,15,2,0
1,6.01,0,0,239.26,7.36,21,1,0
1,5.89,1,0,292.98,20.65,18,1,0
1,6.23,0,0,3092.77,12.83,17,3,0
1,4.22,0,0,531.22,11.08,14,1,0
1,6.45,0,0,442.19,11.13,3,0,0
1,1.0,0,0,62.59,9.29,9,3,0
1,3.31,0,0,1966.65,16.12,21,2,0
